user_id,account_number,currency_code,balance,created_at
951,346103787753068,CRC,2949.29,6836-02-22T01:36:00
291,5265569705553397,LAK,3385.02,7168-09-30T14:16:00
575,5584001999515555,PYG,7252.50,3197-02-08T15:56:00
611,375548487776685,LKR,2292.02,1038-06-14T04:15:00
851,5361913630841712,AWG,2263.00,4881-06-03T03:56:00
926,371875668386069,AED,2352.73,1991-08-23T09:17:00
956,349709651440165,BIF,3038.41,7100-02-18T22:35:00
894,344994840064798,MVR,3854.13,1437-04-21T23:32:00
857,379410067116164,IDR,339.35,2283-11-28T16:29:00
341,373258134819865,SYP,5088.97,2096-04-08T09:25:00
288,4475787546723214,MAD,1408.80,3650-09-20T22:35:00
648,4587888355020,GYD,9320.22,9185-02-02T09:41:00
286,5593482568473641,BHD,2656.36,5983-03-29T20:21:00
559,4184157874983487,KZT,1838.59,2692-09-29T12:25:00
330,4404686835996307,LAK,9820.54,8008-09-26T20:21:00
505,5483417938427664,BRL,150.82,1973-08-17T21:52:00
356,4514768192022039,XAU,3897.48,6585-11-08T02:27:00
226,4414066364085,IRR,9443.54,9346-10-08T02:50:00
9,5150226512445964,LYD,1730.21,6340-02-06T18:32:00
10,341227052689059,AOA,4329.52,9217-06-03T22:42:00
273,5215648275678403,SRD,4473.24,4939-07-25T00:22:00
57,4263624917094,SVC,796.98,6728-02-16T22:20:00
624,371450751355027,NIO,6961.76,9091-10-28T07:52:00
185,4695960718947,MKD,9472.25,5238-05-23T02:57:00
118,5542326544478392,TND,2605.57,7789-06-23T05:09:00
981,5400502611208844,LKR,1115.22,7115-05-02T10:34:00
614,4215353189122738,CHF,6050.13,7310-06-08T06:03:00
244,5592022201876122,GEL,3488.53,8319-07-10T06:32:00
680,4999653910117,XBC,5791.27,2462-12-21T22:18:00
256,5576355902730168,GHS,4936.22,2358-02-10T22:41:00
769,5505227595221498,SGD,9085.70,1725-10-27T06:01:00
894,342832778782862,STD,136.40,6048-07-20T17:58:00
164,373401949314336,GTQ,4659.30,9897-06-30T07:25:00
942,370489678450390,TRY,210.57,2995-03-06T21:33:00
126,5568556259680050,TOP,4845.52,4485-04-06T11:25:00
957,5241818099142856,BWP,100.49,5801-02-18T06:38:00
906,5360501906101530,XBB,2259.10,5172-03-15T21:16:00
406,5381208625048977,SAR,2472.55,2693-11-29T09:36:00
183,377543708442386,XBC,6254.95,6917-04-27T15:42:00
407,4967242851376583,NZD,5708.32,8382-06-13T07:01:00
634,4997265845158,PHP,6536.78,4729-04-06T17:25:00
726,5493167929288082,MZN,7189.25,5490-11-01T01:35:00
842,349916017430758,MZN,1507.44,7009-01-11T15:22:00
470,4041514593568754,XOF,1040.11,8596-02-06T18:36:00
661,4620474929659026,MXN,4567.45,8083-07-13T05:16:00
865,376764050479604,PEN,5203.33,5588-06-16T12:42:00
125,5347905430298407,BSD,8267.21,2454-08-10T23:10:00
940,377703303202346,ZAR,8461.51,2361-09-04T11:09:00
401,4358812653220630,MUR,6400.37,2004-06-10T09:53:00
8,4649912136787863,KHR,4379.12,7841-07-30T18:56:00
11,343201766444715,XAU,7989.19,2842-09-20T01:41:00
362,5546712228682753,MRO,7719.97,3670-08-14T13:52:00
300,348127564609467,BGN,2937.33,5656-11-22T02:32:00
769,4766860867470,MYR,2627.43,6360-01-12T20:01:00
934,4209650080508347,PKR,4978.56,4182-06-08T01:06:00
51,4822160611920,CDF,6219.61,8059-12-22T20:50:00
670,4768384483945,NIO,5129.25,3827-06-05T13:07:00
219,345393818670749,AZN,351.72,8976-01-27T02:45:00
79,376802912678449,UZS,8943.80,4270-08-05T04:54:00
758,4746311962014678,TZS,3362.62,3759-10-18T15:55:00
786,5472874020920829,DJF,5714.18,6809-03-19T05:53:00
376,4542663701017842,SEK,6428.89,6521-12-10T06:37:00
957,344438650081446,GEL,5900.35,6544-11-09T16:34:00
808,4021407322078,BZD,1522.15,6176-06-04T18:25:00
160,5142992983657525,MZN,4459.08,9533-06-21T22:01:00
340,4050040699511561,BND,4710.54,1548-06-05T23:05:00
473,5187015660694623,TJS,7260.07,3028-10-04T10:14:00
349,341814511553154,AFN,7640.57,1864-01-17T11:34:00
932,344086524372320,SVC,8814.72,7158-08-24T23:10:00
152,5162977839207612,MRO,4666.21,7640-12-18T11:33:00
289,5585342254652777,BOB,18.05,6712-07-18T02:20:00
751,5528204528327745,XPD,9908.48,8433-07-25T04:43:00
211,4231797015819,JMD,3142.62,2903-12-10T05:43:00
719,5203223418265445,TWD,7021.96,2577-06-10T18:02:00
973,4825193078443,ANG,1165.31,1790-10-07T21:24:00
208,372281957476358,PAB,362.03,1386-12-23T02:07:00
648,373779838317984,BHD,7174.83,1003-11-12T03:01:00
304,5417058745977300,UYU,4589.41,6354-10-30T22:34:00
675,345776296862066,VUV,4521.10,8482-03-22T16:40:00
245,4125318287002,ANG,8673.76,6498-05-13T20:03:00
317,4389398842708,KRW,2744.37,1299-06-24T17:14:00
330,4183672396349,ALL,6401.10,2449-04-23T15:31:00
123,4881268532382,RUB,3025.27,8768-07-12T18:15:00
531,5110488587487425,TRY,3554.96,3280-01-03T06:13:00
972,370139248612195,HNL,5579.12,4593-10-17T21:43:00
573,4237930022980200,CVE,6455.37,7787-07-03T18:24:00
496,349781471894437,IDR,4403.43,3535-12-04T15:19:00
90,4478474132344310,BHD,8542.21,1961-01-31T03:21:00
224,4214187674040,XBB,9648.57,3957-03-11T15:55:00
75,4031188240393,KES,4665.32,8487-02-12T02:11:00
564,5442420472713390,ZAR,9937.11,9629-04-10T09:30:00
849,5586360276272324,LBP,9611.49,7086-07-19T15:24:00
650,344704691770112,XDR,6702.00,5470-09-02T01:59:00
498,340590331772083,SZL,556.24,6830-02-24T03:54:00
667,5381601451732781,SCR,6363.74,6060-08-23T22:09:00
937,5111513748167639,TWD,1865.52,7611-03-08T04:14:00
983,5227517058103382,KWD,7357.33,3618-09-09T02:40:00
848,373862667433877,MOP,8299.33,6092-04-05T23:47:00
652,5416137761964300,DJF,8996.16,7312-06-06T09:57:00
53,343816415066802,KGS,3076.30,7624-11-28T03:37:00
539,5121691119249778,AED,7558.53,4880-05-23T19:18:00
659,4810258729177,LBP,250.17,1854-03-16T17:11:00
875,373699462977473,BOB,5872.30,1392-05-14T21:26:00
235,4231807078866531,TMT,1434.23,7997-01-24T23:46:00
395,5597851924749199,XPD,2982.64,1382-04-18T23:32:00
244,5448082504355675,THB,4180.69,2629-08-08T16:44:00
1,4435536400670881,ISK,7018.03,5663-08-31T03:33:00
96,5464330843475707,DOP,7264.33,5450-12-29T16:23:00
193,4215566439184,TJS,3161.62,3202-07-17T01:56:00
316,4008826919645,CZK,4692.92,7070-01-04T12:03:00
119,5500998585207714,JOD,5235.48,7564-05-16T17:45:00
203,377647223499944,XPD,5959.14,9186-02-02T14:02:00
252,344929911941322,HTG,616.80,9093-07-13T09:48:00
593,4399606633563,MUR,6477.98,5720-02-04T18:28:00
357,5330697505985393,HTG,5916.61,3430-10-15T18:49:00
331,376331497456029,KMF,9399.50,7215-11-06T23:12:00
379,4116119057370,FJD,786.22,6366-03-12T13:54:00
450,4006782031985,MRO,5513.73,7846-01-30T12:50:00
699,379854393824847,XCD,7034.72,4339-02-14T18:37:00
492,344985758344296,JOD,222.12,1734-10-30T23:01:00
852,5274116613629536,VND,7016.71,3449-03-25T02:55:00
676,342877225390392,HKD,8882.76,5776-10-26T23:27:00
197,5121666845215566,NPR,1194.28,8036-02-16T00:12:00
405,376057256558117,TJS,211.53,2456-12-04T22:00:00
383,4154707473200,RUB,4221.77,6557-06-29T07:59:00
884,374546711269614,KRW,6922.19,2273-05-26T00:59:00
643,5306961631077487,AOA,6908.28,2950-01-28T14:19:00
824,5472740843734137,XAF,669.09,9511-09-29T21:56:00
103,4714312844169126,ZAR,4486.69,1858-04-14T15:55:00
328,5596988168018088,MDL,7182.54,6908-08-13T08:32:00
53,379891608329068,KRW,5501.88,4296-06-07T00:17:00
225,4389684283800088,PLN,2481.93,5340-09-16T21:33:00
764,5506348615046662,XDR,6180.20,5819-08-10T12:40:00
874,370165433391721,SCR,9971.50,8242-08-13T23:44:00
427,4299407419904650,GBP,923.36,1414-12-06T04:37:00
700,5349516332185549,KGS,1537.91,4313-07-29T01:38:00
72,341497365734678,XBC,548.30,1549-02-13T00:54:00
384,4270615498777,SCR,2046.73,2145-08-04T08:52:00
588,5159990541318200,TJS,5533.71,5380-08-14T15:49:00
601,374137281729136,SEK,7749.43,5140-05-11T18:57:00
800,5148350712838615,IQD,2898.75,5373-02-15T10:03:00
59,5159052505422443,RUB,3930.58,3083-06-18T02:40:00
3,5295027653557526,GNF,6887.88,7722-08-04T04:47:00
211,376046602341564,HNL,7159.92,7461-09-13T07:16:00
466,5220657523684330,VUV,382.10,2599-02-10T17:07:00
937,5277939271453247,GIP,6376.88,7919-12-26T13:10:00
793,374569329420445,HKD,521.68,3148-02-26T11:44:00
589,346784577171330,XOF,8672.13,1151-02-18T14:45:00
432,5493841523181832,TTD,4412.98,7621-08-09T22:24:00
938,372314294047856,HUF,5149.94,9551-02-03T12:46:00
357,376680989978290,TJS,8812.65,9539-12-05T14:46:00
650,5152331936167091,GNF,8760.64,6403-11-11T17:11:00
506,4054526234208354,SOS,8520.87,1754-03-08T18:41:00
499,375847234512900,BZD,947.74,3136-07-13T08:31:00
855,4277682083590409,SLL,5450.93,7097-11-02T00:14:00
430,5329551596412226,XPD,1920.18,9637-12-16T17:54:00
368,5584676405181629,XAF,9570.08,6421-12-20T12:06:00
751,372335679438734,IQD,7246.84,5355-08-24T06:56:00
301,371366471343627,LVL,630.94,1623-09-28T12:21:00
969,5125001072035907,BRL,1132.71,7489-01-14T04:13:00
118,5153750182299119,PLN,7017.56,3791-12-14T13:12:00
323,5322154502267086,ZWL,5108.02,3455-03-22T11:22:00
17,378621774181885,THB,152.55,9832-06-14T07:43:00
299,5283480480385476,ZAR,4878.03,2163-01-04T19:21:00
59,371471614991451,AMD,6204.13,2022-07-13T21:22:00
92,4713311467340098,LVL,7075.96,6026-03-10T14:06:00
61,4391075523606,SZL,7256.42,3171-03-08T22:50:00
12,4627884433349802,STD,9496.11,2409-12-19T10:12:00
231,375961988125269,BGN,3314.05,3593-10-15T11:10:00
482,4319710210963,AUD,4339.27,4742-11-28T16:49:00
794,5162122581391864,GMD,6451.49,8092-07-10T16:39:00
50,4304960434017968,GBP,6897.92,8822-03-06T11:15:00
82,4067632278422920,LBP,3728.78,9713-11-05T17:25:00
212,5102759088899809,GTQ,3252.04,1626-10-13T04:18:00
609,4843765843563348,JOD,3608.45,4707-02-14T18:39:00
176,5441728942915598,SEK,1952.69,7139-01-22T16:14:00
545,344769310348962,UYU,9006.28,6743-10-28T02:57:00
576,5214804801014115,EEK,7471.48,2295-08-17T05:55:00
309,345476520638118,XDR,4899.94,8343-12-27T13:31:00
277,4534598221290,UZS,7673.56,5088-11-02T08:00:00
843,4074860715738,KRW,9119.16,3530-12-11T05:08:00
218,370038699069386,THB,2617.02,6203-12-23T14:00:00
583,377458613824272,MNT,3092.09,9330-04-11T02:20:00
40,4920926485982,PEN,3041.83,6567-02-04T19:37:00
665,4139240591218,MDL,7186.02,7210-06-07T12:45:00
509,377183123628441,UGX,8361.92,5723-11-22T07:48:00
629,5332515476028662,SZL,9254.07,5659-07-16T07:34:00
66,379033672327582,OMR,2389.82,2930-09-14T23:21:00
614,4665678555894,ETB,2715.94,4168-10-13T19:09:00
71,5469867398566997,ILS,6256.87,6548-03-28T14:31:00
426,4376421896202815,JOD,8184.08,5825-01-31T09:20:00
988,4317908435424530,XCD,1424.38,9335-10-01T07:56:00
510,5380591855015449,XAU,1635.14,4141-10-27T19:59:00
978,5447790376813339,DKK,2361.47,5805-02-17T08:58:00
835,378553021418272,SLL,5730.37,4130-12-16T10:10:00
589,5282075374105195,BGN,6890.57,1596-02-29T09:59:00
684,5469364263530902,MKD,5990.76,5548-01-28T18:16:00
864,4900172550184,IRR,8547.15,3716-12-22T23:04:00
153,4247416322209571,LTL,9531.76,6034-01-21T19:25:00
87,4837587884543,XBC,5920.47,5847-02-26T05:17:00
875,348178825682549,BBD,4605.70,1320-12-16T07:12:00
472,5412757322633278,XAU,7648.25,7964-06-28T04:09:00
796,340458852013220,RWF,4910.77,9126-12-30T12:29:00
352,4878595327881,CZK,2051.16,1554-06-06T12:07:00
170,345378647999344,SRD,2661.64,8180-01-31T14:57:00
596,4202493275887391,BBD,1979.36,9922-11-20T16:01:00
262,4077159223755,PKR,6801.99,3988-01-05T05:42:00
649,4888104465433661,BIF,2299.96,8474-08-31T14:30:00
906,340318629563636,EEK,451.11,8896-07-14T06:43:00
884,4533756481503477,COP,6407.16,5139-04-20T03:36:00
740,4861683098970,NPR,6477.92,3146-11-08T06:30:00
187,4771452755599,HRK,9552.22,1218-01-24T11:24:00
335,373534188162575,ZMK,8752.84,8802-09-16T22:51:00
730,379384561697138,PLN,8810.80,2179-04-11T08:17:00
320,345242259256144,PHP,7902.23,7406-01-15T00:33:00
575,348682424202435,MYR,8857.82,3322-08-17T18:10:00
478,376503097667186,XBD,4859.13,3014-11-13T18:16:00
145,345348258570521,XBC,6622.00,1392-04-07T11:53:00
520,375269798317642,SOS,7194.86,8829-06-30T03:46:00
924,379229029110474,SZL,6659.99,7276-07-25T01:51:00
72,375456127025178,XTS,8248.77,2236-03-20T13:14:00
229,5368099442172836,CHF,7595.57,7010-05-03T10:38:00
313,375842504371705,AOA,7725.51,7527-10-30T05:02:00
448,348537351088454,LVL,1845.95,5765-04-22T21:18:00
892,5271081964031257,AUD,3658.62,6135-02-15T01:16:00
390,4829026173241924,INR,5376.89,4918-05-09T07:02:00
179,341733939594735,VUV,1803.21,3927-11-01T00:20:00
458,5552055827839619,SHP,6373.23,4518-06-02T08:25:00
237,4030917966281,SBD,8443.83,3412-12-24T19:06:00
421,5243898262155396,XTS,1746.08,2452-11-20T20:38:00
587,378253551014670,ARS,835.56,6151-11-23T19:18:00
627,5129806198231024,LVL,7446.90,9551-09-04T04:34:00
933,4184257485846733,WST,4700.02,1512-06-06T00:18:00
940,5419713839391366,MVR,5954.98,2085-03-13T02:42:00
114,372391976334810,MNT,3023.75,4605-12-27T15:31:00
881,4274221064127197,XBD,5980.86,2518-01-24T20:07:00
19,379208539407683,CUP,1128.82,6973-02-02T15:17:00
754,4166006192454,LKR,7453.45,9303-12-26T00:03:00
66,4547580621658296,PAB,9331.61,8522-08-26T15:39:00
833,346695500598282,GBP,2008.54,1762-08-25T07:17:00
410,4504763464176,KHR,694.22,8909-05-25T02:02:00
560,5277506955779039,BBD,9637.18,1074-04-10T18:05:00
202,5532354757367914,ANG,4850.73,3786-10-22T21:01:00
866,4811513737593,BRL,4992.74,5405-07-28T08:25:00
689,377217180253844,SOS,2573.84,8372-02-27T08:20:00
78,376926649900974,BGN,7204.07,4089-08-06T11:13:00
818,4858687387033110,XBA,4010.87,7843-09-24T00:27:00
560,4281900034593,HNL,6154.95,6478-08-26T19:09:00
168,5548231671714854,XAG,3263.72,1290-11-13T06:24:00
167,5306039040907220,GHS,2923.28,2897-04-04T04:16:00
679,5173035466233265,NIO,361.23,6755-12-03T02:05:00
329,4628001057629,BHD,1209.26,9992-04-16T12:25:00
395,4315884950474,GNF,7016.59,4002-02-26T07:01:00
987,5506918552463987,IQD,7908.56,1646-07-01T19:41:00
987,4500481643823,SGD,7506.72,3591-09-15T15:18:00
729,4046294236003,IDR,6667.16,1463-05-26T19:07:00
675,347677010361508,XPT,493.94,3372-02-02T21:37:00
244,4283794949510,ALL,3636.66,4498-07-13T00:19:00
259,5384454334079369,ZAR,7285.37,1067-12-11T18:12:00
948,5517946158570019,XBD,9653.57,7470-09-15T04:07:00
868,342756757768633,NIO,5619.79,7295-11-01T12:41:00
661,348221670838255,BYR,5933.82,8937-09-29T10:39:00
878,347553609597995,TOP,8699.04,1249-04-20T21:10:00
646,4632678865292,RON,3724.72,7708-11-06T11:02:00
911,4159388575540,COP,7217.32,3820-03-04T00:18:00
526,344622939655436,MNT,213.46,5228-10-19T18:58:00
65,4271841639627844,IDR,330.86,8828-11-21T03:28:00
23,4068749271201,SAR,8320.98,7783-11-06T11:58:00
206,4839661859554,UYU,5223.76,6202-05-26T10:37:00
698,5104307920631143,IRR,1903.55,4017-11-09T05:01:00
784,4909132500742098,PHP,2943.86,5214-05-15T07:54:00
768,5483449833865003,AWG,8627.34,8016-06-29T15:33:00
542,371025210132262,MNT,6725.72,3411-01-21T07:03:00
742,4250833823142,GTQ,1880.12,9677-10-28T16:04:00
716,4387821785318,RSD,2764.60,5850-05-30T13:22:00
959,4862543324123,JMD,3093.44,4418-06-12T00:38:00
65,5119144165776660,AMD,380.78,9268-10-13T10:29:00
372,343002331815355,NZD,6062.48,7866-06-16T14:48:00
839,4224225279761618,USD,9552.42,1939-02-10T07:48:00
345,4075539112013,LTL,4675.89,5638-10-08T16:20:00
962,5246173551420035,DKK,7862.43,6505-07-23T16:04:00
718,4303079475300,XAG,4247.76,2590-09-07T09:42:00
995,342912273904655,NPR,2128.03,2467-04-26T20:45:00
859,348014208685641,XPD,4711.76,9643-06-01T10:43:00
960,5102084883691297,XCD,24.02,5873-03-28T02:27:00
107,5441997822586809,BZD,4811.02,8718-07-11T09:48:00
360,5570635834272629,PAB,9446.14,4754-03-30T17:22:00
302,348947950817259,XAU,484.98,5974-09-07T10:09:00
290,375759299913389,HRK,2754.34,1805-02-20T20:09:00
222,348245345898832,XFU,6825.71,8988-04-30T21:59:00
283,4379704682567963,GMD,9979.97,7483-08-07T21:50:00
430,5302450265876772,SHP,6860.59,8418-11-05T17:08:00
767,376977467948599,BWP,1135.00,1958-09-24T16:58:00
690,344516375367066,ALL,9601.61,8937-03-13T03:10:00
113,346389084469104,BMD,3143.05,7281-03-05T04:55:00
237,345467064394960,FJD,4583.59,8202-05-05T16:04:00
165,371137209583227,XOF,1184.30,9792-01-14T05:24:00
838,5478567634476220,SZL,523.50,5239-01-24T16:10:00
635,5431051876668691,XPD,4140.49,1049-04-24T09:18:00
926,5465962193671623,QAR,6615.75,8762-06-10T02:19:00
546,5482411918696647,BRL,2076.95,4062-09-16T12:11:00
424,4789928909051188,MNT,7452.77,1114-12-26T12:11:00
990,346239681589239,XTS,751.86,4056-06-15T06:38:00
675,5214407540294053,PYG,7026.28,9439-07-30T08:26:00
301,5128705672016292,MGA,7900.82,9716-10-05T15:52:00
891,349782283948146,EEK,7253.30,7885-10-18T14:02:00
187,373998366876261,BDT,1683.43,5421-01-07T08:14:00
540,5371797057041833,GHS,56.61,9700-11-28T21:00:00
427,4767666091276249,BBD,6494.36,9330-01-14T20:21:00
581,4536901596718845,XBD,361.81,7822-05-12T02:50:00
691,5527632930532455,HKD,8786.78,1244-07-02T15:50:00
271,349288683235077,SVC,6678.80,9363-12-16T01:42:00
502,343348351998239,TTD,4022.47,2901-04-11T01:31:00
902,4150124705532,ILS,6972.22,3417-02-07T20:08:00
561,5399229456188526,MAD,8515.93,4907-10-11T00:09:00
326,4075794142651,TND,7229.57,8761-04-04T23:46:00
154,5388505907308703,BRL,7733.41,2199-12-19T03:28:00
178,4685745576076289,NIO,8673.47,8053-05-22T02:54:00
160,5360514784459680,KWD,4103.83,1052-05-16T15:04:00
218,4787514221255,DZD,7567.49,9187-01-16T23:27:00
210,4736367962315,AZN,8386.12,1251-02-23T04:13:00
998,4442880080783,XBC,7186.06,5107-05-13T13:29:00
973,345026347529355,SVC,6541.70,4278-06-30T06:07:00
142,4732245748222237,MUR,1508.83,4730-10-03T17:01:00
311,4035283027850,SCR,3513.73,8379-03-16T16:55:00
688,4290712839966687,VND,2823.37,2731-04-15T00:18:00
136,5420164147386721,MZN,5379.35,5771-06-02T23:27:00
478,371689009678620,SZL,300.47,9766-06-25T03:53:00
273,5355979171089720,AWG,1847.40,4654-09-06T10:26:00
635,372501190968499,KHR,2303.51,1616-03-28T00:19:00
507,4027206808815462,XPD,5659.38,8830-07-19T15:20:00
798,372044415522340,AFN,5680.49,3300-05-21T12:48:00
71,5569335185496058,TRY,8406.43,9061-10-08T16:56:00
126,4674613790175969,XBC,9989.04,2066-12-09T16:23:00
648,5311997358460160,KYD,4081.95,8120-06-02T05:13:00
671,4116887936276685,GTQ,5530.19,4471-07-29T03:19:00
842,4655226833120,HNL,6487.90,3291-02-09T06:46:00
502,373853585139432,CUP,9981.83,5228-03-27T11:28:00
627,5171791832838862,XAG,7193.00,9541-12-08T13:24:00
462,5122443424885212,NZD,1515.26,8793-07-17T13:14:00
462,341509144734049,ANG,7164.10,5284-08-10T01:00:00
417,5598017457802131,ALL,8547.96,1470-10-18T06:49:00
285,370121725993253,ZWL,7228.89,6403-06-29T12:05:00
624,5376792994175310,BDT,1448.28,8996-01-12T12:54:00
183,379103165795825,EUR,1718.04,3743-09-04T18:10:00
44,348294199882038,AFN,8334.07,9099-01-18T06:11:00
526,345508795588109,EGP,1537.58,4724-12-21T06:15:00
947,349837774714757,CVE,6714.97,7504-09-14T14:02:00
336,5190136612179607,VUV,7653.95,9495-06-08T22:16:00
653,4559936386845,XDR,6905.29,3540-12-25T17:20:00
743,4096614994964422,FKP,8554.11,9780-09-17T17:03:00
564,343933907254185,IRR,1947.43,8767-02-05T02:42:00
923,377795423886004,IRR,4551.40,6979-10-17T12:01:00
393,348890516256226,VND,3099.97,1801-07-16T17:23:00
266,5540946980526719,KPW,6632.72,5837-06-02T23:50:00
27,5354436157736981,TOP,6384.81,4592-04-04T04:57:00
914,370250711965438,XOF,1562.73,7244-08-26T05:02:00
705,4337852304502,UZS,5619.23,7119-10-04T23:57:00
138,379611966501675,LBP,520.83,1342-11-16T02:34:00
311,4059689472685181,MWK,5747.58,1960-07-26T23:38:00
636,4472426613622,PLN,5183.31,4839-10-05T21:50:00
320,5251030838327569,BOB,8440.44,1655-06-26T06:16:00
296,4359388739934,CLP,3150.27,3144-05-09T19:46:00
890,4326182929907470,XFU,3124.00,8519-04-01T01:50:00
405,5274807139404129,TOP,8022.29,4716-10-10T03:07:00
578,5509467590870651,ZAR,6433.36,2430-11-25T15:30:00
666,5563304189857513,KGS,6698.30,3307-08-06T08:16:00
320,342759473816654,KPW,1691.47,1938-01-15T13:04:00
538,4273651371222805,MDL,1431.56,2439-08-28T06:21:00
469,372329298753729,CUP,181.99,7496-06-16T13:57:00
155,346382868199239,BMD,4584.25,5448-06-01T06:58:00
116,5482837921290582,EUR,1535.23,8204-02-06T08:38:00
830,4234428209641938,QAR,8482.10,9869-09-09T07:39:00
519,4353428431201936,TJS,5267.99,7493-10-19T19:42:00
17,376517025212859,PEN,3570.69,8686-04-19T11:14:00
898,379383196176036,DKK,1987.12,6206-08-07T15:50:00
372,5402102474696751,USD,4156.46,8315-06-20T13:07:00
477,5379190846258144,EEK,5760.43,9926-12-30T13:38:00
856,375342286319692,GHS,8805.24,5802-08-04T03:23:00
467,5344665181054663,ERN,8189.76,5484-02-27T00:21:00
78,4034548253142202,AFN,3981.60,2882-06-24T05:00:00
98,4915388476359,CAD,3471.75,1398-10-25T11:59:00
191,4395185173648,BYR,8129.01,8046-01-16T05:05:00
396,4862511332759682,MMK,1422.49,3541-01-08T16:40:00
231,344550769357390,BDT,6750.85,1166-12-20T16:25:00
959,377935679873793,BDT,6203.77,8259-09-23T06:27:00
473,5523183754798099,XBD,1788.75,4419-10-31T19:38:00
955,5315974440931132,CDF,8357.95,6954-07-14T08:31:00
939,340431484278947,MGA,5777.74,3158-08-18T19:39:00
158,4956807668908,MZN,6656.32,3446-11-24T21:06:00
253,378605579069340,BRL,1004.73,1934-02-04T10:08:00
128,343183028324897,HNL,591.53,1409-04-18T19:44:00
513,4163593450807,JMD,2251.21,6421-09-10T18:25:00
652,5306693220921458,IRR,465.69,4652-08-01T19:26:00
192,4476565541695697,XPT,7448.42,3648-10-25T23:06:00
580,349915839979076,KPW,988.93,1424-08-17T23:07:00
699,349124188363248,KYD,6793.10,4550-10-14T03:02:00
614,5363105629060226,VUV,5512.40,8408-04-15T19:59:00
335,4977080979073,NIO,933.98,4748-02-24T20:21:00
194,377690849449435,VUV,1481.81,5116-08-09T15:59:00
322,341357602846419,EUR,4088.02,6239-07-18T01:49:00
731,344059482913053,XAU,7876.21,8104-07-18T17:40:00
595,5177354441293740,GBP,5826.46,8722-11-22T09:40:00
765,5415674144618337,NOK,6920.36,8325-01-21T02:58:00
1000,5346413466541999,PYG,5065.99,1472-10-27T06:57:00
553,4537741268787,GNF,3782.03,7123-07-23T14:17:00
362,343302070520352,XTS,8079.78,8426-04-18T16:22:00
96,347823472708220,PHP,3085.49,5004-09-24T21:20:00
659,4490751869203,MWK,9760.97,8678-05-23T16:06:00
284,4792883681429,INR,6713.70,5403-12-29T03:31:00
497,344022718448968,EUR,2377.94,7547-09-19T19:52:00
455,4047030962282103,UZS,5365.36,4616-04-23T08:10:00
7,5306255969957299,CRC,4911.05,4712-06-25T22:44:00
970,5511865292473631,ILS,3846.74,8277-05-27T11:02:00
771,5527413645039197,DKK,843.95,8510-05-09T19:53:00
588,4193758819478,SRD,6772.45,8947-11-16T16:04:00
424,344845298112337,SVC,4068.17,2429-12-09T07:29:00
88,4193398402421,COP,9089.49,2588-02-03T22:52:00
330,4803056844733132,SOS,9926.87,9026-02-01T17:28:00
578,344185328851237,AFN,5414.66,5332-11-24T13:07:00
538,4454497984886,CUP,2404.31,5989-01-24T21:39:00
603,4489535745185964,KRW,4060.04,4292-05-08T12:07:00
917,5164906020731229,AZN,1285.14,5001-04-14T11:37:00
34,343427602884021,LKR,5754.37,2062-11-29T22:44:00
318,4901625583680,SOS,8545.55,8606-08-26T22:14:00
171,4312646537533,JOD,2532.41,9329-11-29T21:07:00
506,348990891648194,XBD,4168.16,7453-01-21T12:10:00
143,5424315941523655,ISK,1724.89,4217-03-09T18:32:00
663,5204602752771598,MNT,1973.02,6469-08-09T10:07:00
817,373934891785504,MNT,6139.50,4905-06-08T09:35:00
713,4787493725903,INR,8259.84,9992-04-22T01:47:00
387,5555657721109754,BMD,6264.86,8179-06-13T19:05:00
493,5167070555983825,JPY,310.62,2129-02-14T12:33:00
493,345099618264617,EGP,358.01,5888-07-31T16:35:00
600,347030864295547,JPY,3001.68,6312-02-03T17:48:00
242,5462130906485003,CRC,504.57,2743-09-14T05:16:00
235,5462454096814677,ZAR,9878.68,7411-07-18T01:56:00
992,4588376055895227,PYG,6550.80,8466-02-28T07:56:00
128,5103495667476425,SHP,4263.69,9715-06-16T18:43:00
554,377439984230386,XBB,3820.32,2351-01-24T14:32:00
910,5314414131382940,DJF,9496.56,3103-08-19T16:45:00
295,372450420766850,EEK,4498.50,5114-11-01T11:20:00
356,5522946727580641,MWK,1569.47,6571-03-07T04:18:00
634,4420306858327468,BGN,1526.56,6597-05-20T03:03:00
7,5586350929008423,XOF,498.92,9517-04-05T11:16:00
867,5494150202355165,SRD,7727.94,3079-12-19T07:59:00
68,4139237639534407,CUP,4697.91,7156-03-18T21:33:00
984,373418529236127,XAU,674.20,6714-08-22T06:39:00
92,5339558129689392,MKD,4505.96,6118-02-23T01:22:00
899,5315165641153994,SYP,8005.93,2931-09-07T06:59:00
400,5493136200965619,LTL,4185.44,5703-04-30T20:57:00
46,5585102890420645,INR,7950.09,1294-04-06T06:38:00
598,4379528406638499,AWG,1401.19,9847-06-30T13:20:00
870,5125804784318689,IRR,7396.19,7110-08-01T13:54:00
825,4927116491811820,MWK,9890.12,5801-11-24T23:22:00
825,4460099765636,UGX,9524.10,1367-07-23T08:14:00
426,4420694318859,DJF,4623.87,9469-08-31T11:12:00
117,4135415416972,VEF,3148.14,4077-09-24T22:50:00
170,378194443471650,ISK,8927.47,2931-04-28T13:50:00
600,340897335977185,AWG,4824.04,7957-12-18T23:15:00
979,4029290022377,XBA,6118.92,2711-03-20T07:44:00
92,370707853385466,SYP,1565.23,6624-03-27T01:36:00
9,377238760179867,RUB,802.04,6126-06-26T18:55:00
362,4827814072360800,LKR,7078.51,7052-01-04T09:18:00
174,5122080964282424,SLL,3185.86,9546-12-28T15:50:00
30,378520201744275,KMF,581.95,7884-01-17T18:36:00
780,5298551977854068,KPW,8285.38,5926-12-11T06:59:00
687,5200134572597619,GMD,7279.39,4051-03-19T19:56:00
186,4219514461608845,EUR,5433.30,4379-03-08T11:27:00
598,5288143040764748,MWK,3071.32,4318-02-17T13:28:00
985,5473004371814277,XAG,2649.60,5534-03-03T06:46:00
560,4015793629488359,MWK,594.57,4118-07-20T01:01:00
944,378933648135462,SEK,6943.06,2005-11-24T03:02:00
597,378776268421783,HUF,3790.92,9282-07-01T14:49:00
358,4305393686167720,CVE,9403.61,4570-04-13T19:21:00
989,5564014297810374,GHS,2999.97,1439-05-11T14:21:00
520,4395057312525,XPT,8578.68,2764-01-19T20:36:00
975,4851170966204599,INR,5485.26,9687-08-18T08:11:00
355,5591969737584896,QAR,8157.62,2046-01-12T23:09:00
173,4631323693579,MZN,2368.59,9927-10-20T09:13:00
276,4890566133416,XBD,8283.90,6538-10-03T09:26:00
808,371153657060095,CNY,2765.90,8414-08-22T17:39:00
560,5561747234640692,PEN,3216.19,1104-02-14T18:02:00
711,346665625375736,RUB,9805.58,5891-07-03T11:13:00
269,4956035180754,VEF,1523.31,2440-06-12T02:10:00
280,371184955333756,XPD,5222.75,8692-12-05T07:34:00
627,375931604873655,ANG,7275.93,3466-06-11T15:22:00
162,4858173378782460,SDG,4292.31,5055-10-25T12:46:00
66,5252310317759386,COP,9938.33,1098-06-17T11:06:00
217,340586065906983,NZD,3093.36,2858-02-03T21:55:00
136,5264241634133417,GMD,3500.32,3893-06-30T19:50:00
903,4555421795289866,ETB,4380.76,1578-01-09T05:47:00
129,5111034343145169,LVL,8707.99,8461-08-15T16:33:00
782,377709381252363,NGN,9214.60,7633-03-26T15:14:00
590,5474595322015194,BYR,7610.86,8655-05-19T05:41:00
119,379293754016044,LRD,626.05,5696-06-28T18:28:00
152,5536701569335339,GNF,3827.30,3401-12-03T10:39:00
840,4228314335065036,EEK,1741.09,4966-10-14T05:24:00
361,4631213059996841,GIP,4628.99,6315-06-09T19:05:00
826,5188068495258832,ZAR,5509.61,2977-10-20T04:17:00
121,370440966152806,MOP,1715.58,7793-08-23T05:28:00
194,346982533974966,NIO,749.97,1180-02-28T06:07:00
483,371818338580599,ERN,8341.57,3369-03-27T11:36:00
323,346552798149386,GTQ,9580.83,1888-04-06T17:26:00
981,4597403682486,EGP,5589.14,9932-09-02T12:03:00
778,5360322751576977,KES,7431.74,2896-12-18T23:59:00
836,345463765245048,BIF,4994.15,8081-07-14T18:55:00
626,5215019626384952,BBD,5772.19,4983-05-19T16:02:00
53,4202230646846262,XOF,1465.48,4745-09-05T18:41:00
232,5596006136017346,TOP,8453.37,4044-12-19T16:12:00
465,5190734977518854,XAG,9836.69,4151-05-24T15:30:00
314,372307252880229,KWD,4553.19,9525-05-02T22:48:00
400,374253560164712,BIF,8853.77,1009-12-04T05:24:00
568,375415510054115,BSD,6944.61,4617-02-04T15:42:00
772,5154374739065003,HUF,2007.54,7927-04-26T15:29:00
270,4789609379117,TJS,2399.06,2511-12-02T00:16:00
101,347908026456477,KWD,7322.69,7514-01-18T03:20:00
328,375536821655907,SGD,4222.82,7601-01-16T15:03:00
479,5363969620159836,WST,1559.54,5106-04-16T05:33:00
680,4659422439414,TJS,8554.83,7934-07-02T01:29:00
969,5312165586046990,BRL,3015.99,6309-08-04T18:01:00
176,4332149353073063,KYD,2399.25,1023-03-16T14:36:00
565,5277461287573983,HUF,8385.69,5746-05-13T23:12:00
213,4246594911275947,PHP,7289.35,7295-02-01T20:27:00
486,5525627840331057,KPW,152.99,8619-05-22T05:10:00
608,349604061827889,SHP,9304.71,4228-03-21T23:39:00
575,4976500647901,XPD,7582.45,6777-09-20T08:43:00
969,345856229391435,SGD,3765.26,8105-08-30T02:50:00
833,5470666208529089,BHD,5827.02,4729-06-08T06:24:00
242,4042582494921,SAR,6207.03,1020-10-17T18:34:00
269,5459632510306330,TOP,845.50,9447-06-05T03:27:00
475,343478667986868,SDG,9266.87,4365-10-02T20:28:00
314,374256053142712,KWD,6831.87,7356-01-19T12:53:00
142,348632101695568,TRY,7135.40,4802-06-26T17:10:00
365,5295275048865415,WST,2305.25,2407-05-02T14:10:00
764,5580293380016301,LAK,987.60,9516-12-16T03:14:00
345,5555553683240093,SZL,8343.48,7423-10-15T09:52:00
574,4390512968231195,KPW,6401.75,4971-05-14T07:56:00
715,4668775072543566,AFN,6561.72,7219-12-15T16:31:00
967,4572662721379326,LAK,5986.73,7624-04-07T22:50:00
375,5215672431585674,KPW,6527.15,9372-09-15T04:08:00
322,344642066581424,GEL,8776.42,9000-08-24T21:59:00
136,4147806846139,TOP,2281.25,9421-12-29T21:31:00
837,5353072152460847,ZAR,8451.41,1980-10-17T11:50:00
540,5418705756038351,NIO,1412.56,2944-11-06T01:05:00
608,4842587061881,ILS,9241.11,9856-03-11T13:00:00
240,343867981608646,UGX,6820.96,3688-02-27T14:37:00
314,372241901278514,BAM,258.93,2160-06-20T03:06:00
640,347866403194901,XBD,1958.94,4432-07-18T03:48:00
696,375071766578035,INR,9662.17,4397-06-08T23:00:00
667,4246414475835,HKD,5298.28,8953-03-05T06:26:00
466,373043174474901,XAF,2907.12,9884-09-10T13:15:00
764,5409872483372122,GEL,2749.09,9292-02-15T08:01:00
344,377679179214505,KGS,5269.80,3575-02-14T21:55:00
467,5141260737554690,ILS,3258.19,1167-12-03T14:18:00
82,5100127614014214,OMR,2114.12,2749-06-17T20:48:00
983,4518066051514,VEF,6213.17,2578-04-29T13:46:00
878,4431233282348257,BWP,6562.18,4368-08-20T06:14:00
778,346247419539903,SBD,6926.65,7240-01-22T03:19:00
117,348293722967599,AOA,9284.26,7225-02-15T14:44:00
846,4276176345859,DZD,7552.87,8875-12-23T12:21:00
646,349323818032598,LVL,6251.09,5149-02-19T11:20:00
941,5240867899795448,IQD,5771.23,8053-04-23T12:04:00
436,372178649661218,YER,6342.62,9649-06-03T11:27:00
919,4581486788570,SBD,2778.58,2098-01-21T21:44:00
786,5502974691536443,MRO,284.55,9903-08-28T23:04:00
565,4817754080082,LTL,3702.39,4229-01-17T15:00:00
877,343093759270756,VEF,7931.19,2372-12-18T06:23:00
753,5128981427758203,SAR,3553.37,2436-08-09T13:33:00
354,341476712227395,KPW,1740.10,7293-04-27T08:51:00
162,4695675011620250,BGN,1508.00,3549-04-16T17:58:00
596,371708979185333,JMD,6652.43,4365-12-08T17:51:00
859,4815454405172012,MYR,5627.00,6566-06-23T05:45:00
256,4991934890756,FKP,78.43,9590-02-01T08:23:00
817,5318561560510007,BND,2429.58,3574-08-14T01:36:00
598,5363467951639229,SEK,9307.59,6745-03-29T04:35:00
338,5232645083840588,BIF,2137.44,9905-03-14T15:09:00
926,4253014700582551,JMD,898.60,7798-08-05T23:09:00
736,347066084173387,MXN,628.60,8319-03-06T08:02:00
385,343961593207177,SDG,328.36,2639-08-03T02:59:00
423,4536216737022092,AUD,6037.49,9855-03-22T08:40:00
786,5552739156502589,ANG,3153.57,9031-04-07T22:22:00
119,372703361252969,XBB,9685.25,3019-10-31T04:17:00
303,5369506117235762,XBB,5592.69,2588-11-23T17:19:00
506,345918139066052,XAF,865.44,1987-06-26T23:48:00
407,378698177537041,MWK,1756.08,6929-11-11T00:27:00
553,372164907011035,NPR,4855.84,8151-08-06T17:09:00
955,4908782486788,NPR,4696.10,1218-07-10T01:52:00
118,5127382665085774,NIO,8065.92,7736-05-13T14:12:00
614,5466457706604020,AZN,2204.85,9040-09-14T15:34:00
84,373822304288444,TRY,6784.10,6023-04-10T07:20:00
491,5231058176942322,MZN,1887.19,9518-03-10T11:02:00
652,5311276862646279,GTQ,1303.61,5146-03-02T01:16:00
868,342625061792666,SYP,562.63,5148-08-17T05:00:00
847,5532230918044669,CDF,3183.39,6323-07-06T16:37:00
230,4166490207569,VND,2530.65,8086-11-11T18:00:00
911,374781182711956,CRC,4913.11,6366-07-02T05:38:00
933,371085845597527,MXN,4670.85,7883-04-06T09:02:00
446,4434100610525,GYD,136.27,8731-08-28T02:49:00
964,346895956463767,FJD,6748.10,5986-04-07T13:36:00
579,371045542287294,NZD,2154.43,2353-07-28T08:44:00
933,345441621013200,BBD,9656.88,2918-06-17T15:44:00
844,4888311609620,MKD,9196.90,7729-09-13T13:41:00
569,5234930306115259,KZT,4957.49,9518-11-01T13:24:00
785,373524780810933,BMD,2137.00,1137-02-17T10:33:00
765,4015463837833388,BOB,7172.78,3916-11-20T15:49:00
835,4931803773456549,XBD,6322.90,3909-10-20T05:23:00
623,4932936675874101,ZAR,8310.60,7087-10-21T08:46:00
361,5566558976815193,BDT,1652.06,2560-07-13T12:39:00
199,4345077375573,ILS,4402.43,1581-09-21T06:28:00
804,4128913894565,GTQ,266.07,2558-08-03T07:14:00
943,4311892393699,VEF,2696.09,8506-09-03T19:34:00
948,4897395257182,KRW,263.59,6470-08-18T06:27:00
996,370495086812756,DJF,4787.51,4430-12-08T01:04:00
6,5523996831475948,CAD,2845.26,7287-09-27T13:24:00
510,4376371759266,TZS,2947.31,4745-10-27T00:38:00
878,344981184002648,BZD,2031.97,8598-12-02T18:49:00
900,5411999400307240,ANG,6049.94,2638-02-03T03:14:00
605,4633909742271,ISK,640.70,6680-05-01T19:35:00
239,4413964591559,ZAR,32.27,2226-09-16T16:17:00
540,5195662765018537,GNF,5956.96,7940-07-05T16:49:00
227,5400417981895486,TOP,2566.15,2176-09-27T11:26:00
171,4028931704773,AOA,2034.36,6452-06-18T20:30:00
672,4794676935376,STD,2396.99,6100-05-16T12:53:00
245,5206544890280371,JOD,8454.76,8414-10-12T10:18:00
130,4388683190702,TND,5899.27,7144-07-08T00:14:00
649,340181603545433,XAG,9113.85,8722-01-02T19:46:00
275,340928414081585,SLL,1548.84,9585-01-29T13:37:00
155,349633601543586,RON,4690.32,6682-07-16T13:44:00
310,4692346589478876,PHP,311.38,3184-08-11T04:10:00
280,347911790954121,AUD,1174.31,2396-02-26T23:22:00
925,4898247751563671,BZD,6706.54,5013-04-02T06:13:00
228,5548168489710296,TOP,5103.21,5087-02-08T16:46:00
896,5133145125672958,XFU,7559.37,8933-08-29T04:22:00
673,5243298185431299,AMD,4691.21,7003-08-24T23:13:00
289,377591382044506,SLL,1411.54,4660-11-18T16:13:00
244,375300546090756,LRD,7876.94,5244-03-06T15:00:00
410,4436937776826066,RUB,4167.29,3374-01-14T10:55:00
671,345368493285428,NPR,9822.19,8988-11-14T11:54:00
756,343994744564398,AOA,2408.93,2229-03-04T05:37:00
3,347254613244237,AWG,4492.35,5974-04-22T16:47:00
426,346000833618693,MYR,2612.54,8020-08-09T01:43:00
282,4953042567719936,NIO,1621.17,1005-01-07T07:15:00
833,5157303195687478,ISK,2056.49,4476-10-13T12:32:00
361,4842754035201306,NZD,9287.66,8128-05-07T12:40:00
384,5233976226721065,BGN,3889.15,5862-02-26T03:58:00
186,375547621780853,GMD,5837.71,4727-12-24T09:15:00
898,374790375263831,GEL,2930.13,5811-12-29T07:10:00
864,5484432134080257,FJD,3887.25,5819-05-19T22:47:00
626,4619754856516957,CHF,8207.94,8226-10-10T12:22:00
856,4398984916072132,TTD,9563.09,6005-03-04T11:20:00
385,370676969049090,BOB,3255.44,4161-02-05T07:45:00
810,344603466674671,MKD,2003.54,8844-02-25T12:24:00
842,4674068245456,JOD,887.99,1935-01-27T11:06:00
746,4576653587691,IRR,7281.35,7284-06-14T19:15:00
108,376919808337362,MOP,8018.63,6120-07-09T09:51:00
843,346766992834029,MUR,5255.98,3050-09-15T10:52:00
456,375315351127181,CRC,5076.17,1816-10-03T22:56:00
875,344703623347012,UYU,357.06,7871-03-22T04:38:00
251,375012857164935,GHS,9491.95,1026-06-05T19:10:00
567,5555033772165956,ZAR,1353.81,7960-11-07T18:02:00
532,375482897960965,MKD,2984.12,8713-05-30T18:53:00
912,344229842358153,VND,1693.86,9963-07-13T23:49:00
747,370934306290696,KRW,2629.21,5544-08-04T07:08:00
995,343842415779185,HUF,7546.13,2512-09-25T22:05:00
710,347957250903356,SZL,1130.44,4685-04-24T09:34:00
152,5522186000860143,KWD,8751.36,5053-08-30T00:27:00
164,5141391738335837,TTD,7030.10,4005-03-02T19:00:00
767,344806730970159,ARS,5181.19,5688-11-12T19:23:00
793,5360685621907618,SAR,263.82,9648-12-17T01:29:00
37,5451997899863294,XOF,7918.60,3779-09-21T07:44:00
238,379281769081297,UYU,772.48,2828-03-19T22:41:00
777,4963034470818192,MUR,4902.21,7341-12-18T09:56:00
223,4192152831969,NIO,8068.99,7458-06-19T20:16:00
140,5188596626937064,MDL,4743.50,5588-05-28T01:47:00
457,4768063105346,ANG,4984.51,4158-06-07T03:09:00
743,345305343990436,XTS,3424.06,2539-02-24T06:03:00
404,5145611212322134,EEK,1649.17,8401-02-27T17:15:00
138,377260371685941,SAR,9354.57,5791-02-10T06:14:00
488,376032697931076,SCR,6252.07,1338-06-10T08:22:00
8,4760654141115937,MYR,6795.85,4007-05-11T09:05:00
459,4234349651924905,ILS,8380.36,7748-08-22T06:26:00
944,4929074166410550,UAH,5766.47,6402-09-12T13:42:00
401,4333116413687736,GYD,976.75,1593-12-25T18:31:00
695,5156853450325793,CDF,7610.38,7871-01-09T02:30:00
492,5568804009356385,TWD,9646.40,4591-04-28T06:45:00
756,342199808437220,PGK,2559.91,4447-03-22T16:37:00
305,5298718201564603,NZD,6402.21,9855-12-26T02:15:00
831,4519656489690888,XBC,8714.59,4840-12-03T17:17:00
170,4286684859581,YER,2263.12,5021-03-29T04:05:00
313,346155051762902,MVR,1536.72,1029-09-16T06:12:00
689,4380076288390,SRD,3993.82,6795-10-20T16:17:00
185,5131232685772519,LBP,1723.37,7542-07-04T03:13:00
180,5547331716694300,MXN,280.15,4538-01-22T11:41:00
12,371819454017952,JOD,3715.39,6245-08-30T19:43:00
103,5414948775248908,KPW,6996.30,9775-03-12T05:40:00
416,4339153048805015,SGD,5158.56,5077-10-02T14:29:00
703,345649282284089,BDT,6995.37,4366-02-03T03:42:00
122,4078821641281,XBC,8015.49,8223-03-12T12:19:00
458,5501729258370409,MXN,1557.60,1615-11-05T05:46:00
411,344010549113224,MUR,6662.51,2759-01-28T14:01:00
540,343248020473850,BHD,8705.21,2904-05-05T18:02:00
345,374284308872320,XBA,242.37,3445-04-18T02:05:00
559,5251980475419972,YER,4344.40,2498-12-08T23:54:00
83,4188683389126,XAG,6050.80,7683-03-13T00:00:00
207,347769366564679,GMD,9654.93,2241-08-15T08:38:00
23,349578435029393,NOK,65.09,2158-09-03T01:59:00
721,5515575784300350,DKK,3395.80,6819-11-17T00:47:00
507,5343556929897565,XDR,8474.11,7424-06-22T10:00:00
831,4695235083638,XAF,893.04,9884-09-05T09:28:00
258,342500687208069,PAB,9180.87,2590-04-03T07:55:00
884,340321092083571,TJS,2413.78,3525-05-14T08:23:00
433,349421219437993,AUD,7358.51,9319-08-07T00:50:00
144,372295293860720,BIF,6799.46,7022-09-21T13:56:00
906,4346689201936221,AED,3785.45,4381-04-17T01:46:00
727,4115979135707403,MOP,8264.19,2234-07-15T08:35:00
738,5519970420785500,ZAR,8423.67,9101-10-29T16:08:00
393,378646793254405,XOF,9925.53,4702-03-20T23:14:00
239,340755273727725,PEN,4646.79,5186-10-08T07:01:00
483,5152903421494089,MXN,5917.13,9639-12-05T02:21:00
519,340444280023657,SRD,8338.30,9329-07-11T19:08:00
89,340491366074903,MYR,7403.12,2571-06-04T18:48:00
732,5468460705198216,CRC,8253.33,5964-10-16T06:25:00
16,341420849613615,TTD,9322.25,5505-06-14T14:34:00
444,341402187853906,UYU,136.52,3833-12-28T08:50:00
457,375045247262192,GYD,9136.28,7534-12-12T08:36:00
472,5181381230749644,DOP,6030.53,2948-10-11T22:06:00
238,378533152819836,MRO,4480.72,5132-01-24T23:46:00
636,4241620277958,KRW,7382.98,1820-05-20T08:46:00
221,342864629219308,PGK,844.31,2014-06-16T10:21:00
981,4481382521208,EUR,5121.42,9259-06-12T08:24:00
48,370895675164925,XOF,4363.00,4653-02-28T22:27:00
633,4871502553692,LBP,8618.66,9057-03-22T02:54:00
346,4211837996856,SLL,6853.44,8651-06-30T22:49:00
240,373990040414116,ZAR,3467.25,2906-07-11T03:22:00
664,5118246908304543,SZL,4901.70,3378-01-22T07:10:00
257,379094086884522,ZAR,699.69,3708-11-22T18:57:00
893,344460713004303,BIF,2142.72,3384-12-22T10:37:00
292,344829504438521,SBD,9866.83,8416-09-29T17:58:00
253,5577501523962578,XPD,6466.62,5134-09-04T18:35:00
141,4958435179010576,XOF,9396.13,5414-11-19T11:43:00
776,348982307953323,SLL,1109.13,4070-06-07T10:00:00
312,4945082739617221,XDR,1432.11,1311-07-03T22:29:00
775,348804717002712,GNF,3344.88,6825-10-28T07:55:00
377,5388071883028245,LVL,3311.90,3028-06-09T19:52:00
908,4328870800167,XCD,6970.20,4139-04-24T07:25:00
775,5432566384670458,ETB,2836.97,4840-08-03T07:20:00
957,5332275220020743,XDR,1335.86,7108-03-17T23:47:00
778,349847768261424,NPR,391.45,9156-10-06T03:53:00
349,373812442208691,KWD,269.05,2743-03-08T07:47:00
425,5483299850606396,XFU,2087.39,5411-06-30T15:12:00
382,349022882926695,COP,6427.96,2484-11-24T14:17:00
351,5126946876217128,AWG,9917.32,5693-05-05T12:55:00
533,4764248919593,PHP,7119.44,3430-07-26T14:07:00
114,345845777860091,MMK,7158.98,1833-09-21T15:53:00
726,5502084407385141,AZN,8306.95,9879-03-06T21:38:00
261,343322488957247,GIP,5688.52,1217-04-26T19:57:00
865,340049494846621,CDF,428.58,7220-10-03T07:45:00
470,349575839068916,CZK,2816.97,7628-03-22T03:58:00
705,5571762296639084,CLP,8843.42,8730-12-10T22:37:00
879,5150379897137167,PHP,2444.25,9804-10-10T14:33:00
131,4310417578822747,GHS,9330.21,8806-11-15T22:14:00
803,5502200380636215,BBD,8675.20,3341-10-31T13:42:00
199,4337326733978873,NPR,9738.54,2724-10-25T04:20:00
236,4193684349322,IRR,7884.27,8442-03-29T10:41:00
842,4416478524719,GBP,4336.52,5930-01-12T13:50:00
190,344957931983119,MXN,5620.56,8699-05-13T07:05:00
423,346023639349327,HKD,1204.68,7815-01-27T23:46:00
424,376263311588999,AUD,3479.60,4191-03-05T23:59:00
809,5291086145641433,GYD,165.52,2810-05-08T22:45:00
719,4896233458748221,TZS,3809.40,5766-06-11T09:49:00
672,4591972268246,LYD,5076.93,8556-03-09T18:25:00
404,5116917750451051,YER,4676.05,9198-08-03T22:04:00
172,5516982206421955,SVC,9657.65,8834-07-01T05:57:00
180,372427291897385,GIP,5883.40,2362-10-14T09:38:00
833,5423276328917517,VUV,887.30,8119-11-20T16:23:00
896,4471885675504142,AMD,8772.47,1019-08-23T23:02:00
821,4994381373441,ANG,2591.09,1239-01-10T19:54:00
225,377286176094645,TZS,2216.38,8968-05-04T17:16:00
881,5184642589263306,UZS,9982.40,7385-04-27T02:24:00
679,346269791916411,PYG,7122.71,3309-06-05T11:04:00
712,4828102215016,MVR,868.53,5719-06-21T07:54:00
315,371455637933710,AMD,9992.82,6725-12-14T04:03:00
158,373784298659187,BHD,9847.73,9504-08-03T04:05:00
225,5139351453695116,SOS,7818.57,9353-06-23T12:06:00
324,5464279410817603,CRC,3394.48,1320-10-12T08:52:00
977,342115835602937,XTS,2475.85,1015-11-13T23:49:00
726,5367788232648028,LYD,2698.09,4042-06-19T12:05:00
592,345486557519620,SEK,9164.80,5646-10-18T23:41:00
161,371439866371298,KZT,5466.17,7960-05-23T11:14:00
748,376250035405703,PKR,285.07,8472-03-29T20:26:00
511,4775618696058,EUR,5890.98,9555-11-10T09:04:00
691,5288777564351992,SGD,9400.27,8591-06-08T15:15:00
301,347384432529703,KPW,8043.50,2159-01-11T17:45:00
162,5521862149896336,SEK,5716.83,1289-12-17T16:50:00
882,347171505818954,JPY,9713.30,7974-12-08T08:28:00
258,348824064174600,TMT,1456.27,3568-01-03T16:50:00
658,4602525283936,BMD,9676.66,5778-10-04T18:22:00
812,5249829476549268,KRW,7559.98,8801-01-27T06:28:00
536,4106764848758088,MZN,713.85,9202-11-21T22:52:00
725,4772833753485,GNF,2612.81,9171-04-13T16:03:00
421,373656120942434,HKD,5714.92,6542-03-13T10:31:00
654,5162953328196079,KGS,5553.00,6631-04-30T19:36:00
132,5446586338286544,KYD,7706.59,7533-02-01T18:08:00
895,377105302416665,HKD,6003.48,2335-01-21T12:49:00
505,375848826851830,SRD,3601.11,3444-05-30T17:29:00
998,378082701570406,MUR,2979.24,3530-09-10T07:24:00
511,5583856924997769,XDR,7794.39,9333-02-22T17:07:00
859,4378637270525,TOP,3869.51,3333-03-02T16:26:00
243,4147021486292,AUD,7471.79,8642-06-09T12:06:00
362,5412564092794243,SVC,8213.53,8841-01-19T06:22:00
667,374877887284408,XBD,4619.40,6638-11-03T06:29:00
92,4038828057184,DJF,3460.28,2371-10-15T19:58:00
230,346584011107714,UZS,941.27,6054-12-11T09:49:00
520,5309505383453300,UGX,7808.49,5429-05-22T21:48:00
802,4281015979613,PYG,3933.66,8789-12-30T12:07:00
663,5528352028851258,JOD,393.75,8753-10-01T12:04:00
405,4728206262875,MDL,7848.14,7936-04-01T09:05:00
519,5325426419391606,UZS,7191.12,5070-04-16T20:37:00
216,346091483544339,GHS,1575.13,1440-08-02T13:43:00
883,4921874143289409,CLP,8287.77,4486-02-25T04:36:00
599,4446560473087,MXN,9834.81,2125-11-12T05:01:00
286,4383534659571332,CZK,7873.72,5954-04-28T11:08:00
786,4441075545435274,MZN,5397.71,4978-09-15T13:07:00
559,5200650227290946,IRR,7933.09,5188-07-19T07:30:00
162,4492324121275524,HUF,978.89,7232-07-24T11:34:00
537,344374392497001,IDR,26.85,1899-09-23T23:48:00
268,374791526352420,XBD,1411.42,2106-10-06T04:48:00
994,4373106959604,ZAR,4371.27,9409-08-27T18:59:00
899,348683553742641,HNL,9596.98,4131-11-03T12:22:00
575,5115597202825192,MWK,8841.94,4059-03-05T07:58:00
336,4165463909404538,ZMK,5997.92,9540-01-08T10:12:00
86,374083747991079,TOP,3969.76,4285-05-01T22:58:00
249,4832819749291240,GBP,3721.68,9186-10-30T15:19:00
720,5453171740187208,ZAR,5535.05,4644-04-07T09:25:00
344,343526682932613,UAH,5350.54,9212-12-26T07:53:00
753,4074412708416,EGP,4412.84,1256-07-05T22:25:00
352,4399951461329,FJD,2759.43,2236-08-29T09:47:00
308,5599987133061501,TRY,5448.93,4189-09-27T17:28:00
401,5418272796431849,BYR,7571.14,3165-11-04T20:29:00
440,4591683593575,HRK,6737.58,5045-02-14T23:25:00
110,4397672670589,XBB,6401.79,8931-06-18T15:57:00
978,5386641172294856,SEK,8391.88,7874-04-22T18:51:00
476,379434366091232,SLL,4032.09,8666-01-04T15:48:00
435,4906401048859430,ZAR,6672.07,9451-08-25T10:55:00
241,379832241702441,XBB,97.14,2182-01-16T13:38:00
561,5340996782901141,HUF,3168.84,5090-07-14T06:57:00
116,4754474444172149,CNY,3231.38,1855-06-07T22:43:00
372,5463060436965407,SYP,9362.95,7436-11-30T14:44:00
565,4330869750218,XAG,6049.29,8467-03-26T03:22:00
99,340994651304341,ETB,9743.95,4997-06-02T14:10:00
762,4527327197773065,TMT,5688.93,2882-01-11T23:00:00
356,5539927484016020,ZMK,4390.28,1599-02-24T05:46:00
919,4359035388418,NOK,9619.90,1099-03-03T20:14:00
217,5565907282914532,GHS,1106.77,2789-12-11T04:39:00
495,5235298932494905,BND,8674.97,4907-11-06T04:44:00
489,5592077472998278,EUR,3482.78,4353-02-07T17:04:00
660,343682596379045,TTD,626.49,6404-08-04T17:15:00
60,4102454529466,AED,8634.06,3875-10-11T16:27:00
848,4677066234370,SYP,6887.27,5301-06-06T11:13:00
736,5455761421364890,GEL,2589.79,4936-12-29T06:29:00
812,5132150450231462,BZD,541.77,5500-12-24T23:28:00
591,4938798089815466,GHS,5387.75,5190-03-04T07:43:00
343,5256655169976033,KWD,9546.80,7986-01-15T09:40:00
777,4678791945050901,BWP,1396.12,8309-02-03T20:37:00
834,348679712748377,MNT,1527.89,3675-07-17T01:50:00
477,374608470758996,KHR,8348.91,9365-05-02T18:02:00
129,373331091477816,CZK,6428.87,8170-03-23T16:53:00
290,5279007140413376,TJS,5622.73,3315-11-05T18:31:00
674,374144575557969,SEK,7135.71,3828-01-05T05:01:00
614,4491795364245,BAM,3240.20,3595-03-23T19:21:00
539,340398234295900,RWF,9841.92,2428-06-24T22:28:00
73,4536314351396379,KES,1098.91,4674-12-21T11:15:00
340,4798033542095,DZD,9657.61,7895-10-26T22:17:00
493,4271080257661112,XBA,2173.37,3506-04-08T18:22:00
590,4544703706270,XPF,644.39,9398-03-08T06:58:00
448,372455599359396,XBA,4066.00,2673-08-27T10:35:00
919,4304770508956,XPF,9588.03,1078-08-30T11:05:00
793,4751405711772,XBB,7486.43,5098-10-10T01:32:00
383,4053439517661235,AOA,5370.79,8305-07-15T23:20:00
806,5546392079003555,BIF,1942.65,9124-02-11T02:09:00
338,5168619696421142,DKK,7129.97,6196-07-22T19:21:00
403,344078768833120,IQD,6198.15,1654-08-05T03:45:00
408,5594726658982013,XPF,8947.08,6734-12-28T09:37:00
49,340529565708385,GTQ,2748.55,9555-10-14T10:36:00
643,371631194331833,XDR,1465.94,7496-10-04T21:50:00
214,371853498069472,GHS,1595.56,9229-07-06T22:22:00
547,4447025155878267,XAG,945.65,6469-12-12T22:57:00
270,345730214637576,XBC,281.23,2912-07-25T23:12:00
998,5176548146231894,CDF,4504.47,4506-10-04T22:30:00
418,373176354413920,BGN,264.70,3244-11-30T11:18:00
462,4626034613928667,XAU,3360.03,1128-01-05T04:40:00
389,5410704169926482,NGN,7875.41,4372-11-07T13:59:00
693,4468092451044,KZT,501.79,1351-10-26T01:23:00
223,5310932829894375,RWF,7733.14,3871-08-12T21:42:00
813,4455356157946508,BOB,7365.35,3890-11-10T00:31:00
499,4976135408544902,UGX,4282.22,7779-11-29T14:34:00
672,342310063670099,SYP,6109.11,8422-10-06T04:14:00
163,5469696831741051,ZAR,2405.45,7947-12-14T03:32:00
110,5172482229013371,NOK,6906.32,3575-10-20T15:52:00
727,5372848812852938,HKD,5044.07,3098-04-07T19:09:00
510,5386350359355783,TTD,6802.93,4764-05-10T14:59:00
617,5225544135859473,XBB,1141.15,4594-12-22T12:20:00
353,5397733018825048,NPR,2941.93,3566-10-03T00:31:00
21,346917950872741,SBD,2416.25,1670-12-31T19:56:00
614,5220693106141414,PHP,1816.70,7690-02-02T02:58:00
199,5126065054947800,STD,7809.50,1585-05-25T05:07:00
689,5395269860845406,KZT,8946.56,7860-07-22T20:28:00
583,343638006246121,PAB,2828.89,7877-12-15T08:08:00
420,5471222300196945,MZN,9326.18,3363-03-28T14:30:00
316,5349756573565443,NGN,4219.61,4373-05-08T12:58:00
756,375366884728128,BZD,5821.89,5282-01-10T20:39:00
429,4397281393412340,AED,2031.96,7625-11-20T08:47:00
13,340461929142421,IDR,4669.41,9094-07-13T17:09:00
254,347617725771713,VEF,5854.23,5794-10-24T20:52:00
122,346161964939540,LTL,9748.49,1773-07-09T04:40:00
447,4081362975278,LRD,9293.17,7027-10-27T13:12:00
598,4697213243015,XPF,362.63,1053-01-24T09:09:00
231,379115420218124,BZD,7167.07,7610-05-25T15:13:00
590,4233548226481,UYU,4762.71,8820-12-13T04:38:00
78,4541387798649892,TMT,8268.98,8765-07-17T08:40:00
211,5373023413796442,TWD,3435.74,8302-07-03T02:11:00
502,5365546886851385,CUP,5815.61,9335-03-01T04:27:00
884,377170035467384,HTG,6370.02,9263-05-06T05:43:00
3,5176080547765478,EGP,2217.81,5532-05-10T06:38:00
21,5276914882523135,BGN,5078.16,4749-11-21T00:50:00
542,340504115553669,XPT,972.25,1929-08-18T19:13:00
628,5253953004239086,AUD,3037.72,2931-06-21T07:23:00
282,371145281640888,AMD,3036.17,2072-04-08T11:39:00
261,5231064306024288,TND,1264.74,9852-05-05T14:09:00
729,376162534292343,CLP,9639.45,6665-06-08T04:19:00
35,4863906441204738,CLP,176.09,3123-12-20T19:56:00
929,347881395443678,ARS,6304.17,1477-02-11T17:00:00
686,341901894599920,SYP,4587.08,8291-11-19T18:38:00
458,4269406124062,ETB,8863.59,8418-05-12T19:07:00
221,349958582872773,IRR,1700.82,6117-04-11T16:53:00
515,373852661367596,VND,2826.32,4864-11-21T03:12:00
800,5421520032136373,ZAR,6384.15,2892-10-19T14:20:00
143,4902590561028219,EGP,2450.06,9233-02-26T15:17:00
756,340696124973634,SAR,5751.10,4690-06-18T16:42:00
699,373537723265849,BZD,4843.71,3108-03-26T05:29:00
974,374219424314820,THB,4390.64,5757-05-28T20:17:00
214,4222158205961493,TZS,2869.38,8470-05-27T01:40:00
464,342205050475714,CNY,2537.13,1008-01-08T03:58:00
719,371743356622877,XAF,1153.07,1531-04-02T07:05:00
196,341159607236390,BRL,5437.94,2575-11-08T02:17:00
559,4382539891795111,UGX,3136.10,2434-11-27T03:38:00
876,5144367888321311,BRL,2740.88,9471-06-04T00:48:00
220,5346536405492005,UYU,5552.38,1611-06-08T13:09:00
919,5211493190284035,SHP,9386.22,3549-07-08T08:42:00
387,5178609277353358,XBD,3273.09,2131-08-17T13:29:00
157,5515578888620459,EUR,2728.50,2073-06-11T09:11:00
223,4291847968586150,WST,5741.39,2150-11-15T15:02:00
672,377054943163939,SDG,7372.07,1863-04-24T03:35:00
723,5276392313862499,CAD,5515.12,8805-05-19T05:25:00
928,5586502199980745,LBP,1702.71,9733-07-07T21:39:00
171,5379201205885185,SYP,4427.61,3927-04-05T02:52:00
608,345186505119975,BRL,4544.76,2881-06-05T20:05:00
742,4582593464715,MRO,4267.35,3887-10-16T17:50:00
630,373039431761663,BHD,1094.59,2907-10-28T08:12:00
603,379177328880425,WST,8606.33,9824-05-16T01:44:00
233,340215911438172,KZT,2562.96,2180-09-22T01:35:00
701,5205560997851527,NGN,7987.94,5353-08-04T16:33:00
553,4660121236245,KYD,9776.31,8202-07-19T04:34:00
593,5501086513093510,THB,7947.33,1420-05-05T05:08:00
557,4428864671646,BSD,1670.45,6345-08-03T13:21:00
646,5424775109301998,CRC,5119.33,4431-10-04T02:53:00
22,345689952401923,YER,1435.65,8988-06-05T10:31:00
543,345385633922837,TND,2298.82,5706-04-18T23:02:00
379,4818494004602,TOP,6263.06,3408-05-04T17:05:00
651,4507870951381,HTG,8342.21,2024-10-12T22:01:00
245,378938835366674,KWD,1501.93,7549-09-18T15:43:00
267,345652109187745,ARS,9448.87,6100-10-08T00:02:00
27,4034949646929,XBB,8558.15,5126-01-18T18:01:00
503,4365701127271,NZD,7952.32,4979-10-31T21:04:00
809,4463074980813,VND,4015.44,7450-10-17T22:05:00
293,5500902849446902,TJS,4670.50,8846-12-28T08:47:00
603,5488475272281506,AOA,4369.72,6608-08-05T23:00:00
785,373576478255149,PLN,6371.61,3537-07-15T16:28:00
631,5499949327849969,PLN,5154.59,3182-09-21T03:37:00
527,4572055236033357,TMT,3387.19,3222-04-19T11:19:00
540,5150898316760960,JPY,8575.26,2970-02-03T23:01:00
776,374405077079905,MNT,9519.94,8206-03-23T13:26:00
244,349138592310659,XPD,8401.84,4994-02-21T14:59:00
367,5521394327598245,SOS,9684.98,8104-11-29T01:15:00
432,4769846681826,BRL,3831.74,4557-06-14T19:53:00
128,5521534820494877,BAM,1267.07,8021-03-27T19:21:00
52,4055707876551,KMF,3755.26,6704-04-05T06:19:00
931,345198642574382,ALL,2187.72,3189-03-30T03:06:00
779,4034141466396,XAU,4535.46,4839-06-23T04:12:00
13,4445427351470,SCR,9109.44,9727-11-19T21:02:00
524,345354950167382,JMD,2261.95,3719-10-13T11:02:00
210,5301023490259204,RON,6003.08,7188-04-29T00:00:00
504,371841971945179,UZS,9639.84,9053-07-22T10:38:00
111,349735202460801,SBD,2106.07,8669-08-11T06:11:00
584,5225557042507340,RON,261.43,9560-05-30T05:40:00
679,5556730032650607,MZN,4171.93,3837-11-24T00:24:00
781,378233785808349,AWG,7067.00,3132-09-22T19:07:00
712,5264119243251582,BAM,560.82,3807-07-16T12:29:00
447,370923993604695,SDG,4115.92,9874-02-02T15:51:00
